{"Position":{"x":82.83999633789063,"y":-2.069999933242798,"z":0.0}}